"vehicle_name","vehicle_number","driver_name","driver_number","inward_register_number"
"lorry","TN 6767","murugan","90909090","irn16"
"lorry","TN 6767","murugan","90909090","irn16"
"lorry","TN 7878","murugan","9090898","irn17"
"lorry","TN 7878","murugan","9090898","irn17"
"lorry","TN 7878","murugan","909989","irn18"
"lorry","TN 6767","murugan","90787878","irn20"
"lorry","TN 6761","babu","9899089038","irn21"
"lorry","TN 5656","murugan","90909434","irn24"
"lorry","TN 6767","sanmugam","90878787","irn259"
"truck","TN 6767","logu","90978767","irn262"
"truck","TN 7676","bogan","908989787","irn263"
"lorry","TN 7878","murugan","987766555","irn264"
"JCP","TN 8989","logu","9090909","irn265"
"lorry","TN 7878","murugan","988787878787","irn630"
"lorry","TN 6767","murugan","65654545","irn1484"
"lorry","TN 65656","murugan","907787","irn1490"
"lorry","TN 7877","logu","98989898","irn1491"
"lorry","TN 78878","murugan","97757878","irn1522"
"lorry","TN 78878","murugan","97757878","irn1523"
"hgk","ghk","ghk","ghk","irn1524"
"lorry","TN 6565","logu","908675857","irn1552"
"lorry","TN 6565","logu","908675857","irn1553"
"lorry","TN 7878","vel","9088888","irn1569"
"lorry","TN 7878","logu","90768678","irn1571"
"lorry","tn 7676","logu","898989676","irn1574"
"lorry","tn 7676","logu","898989676","irn1575"
"lorry","TN 6767","logu","907777","irn1577"
"lorry","tn 5656","murugan","90908790","irn1579"
"lorry","TN 7878","murugan","9088787","irn1581"
"lorry","tn 5454","lorry","678678","irn1583"
"lorry","tn 7878","logu","67876867875","irn1585"
"lorry","tn 5454","murugan","907878","irn1587"
"lorry","tn 7878","logu","67876867875","irn1589"
"lorry","tn 65464","murugan","90768678","irn1591"
"lorry","tn 54545","lorry","907876867877","irn1593"
"lorry","tn 5454","logu","9078787878","irn1595"
"lorry","tn 65656","logu","906758","irn1597"
"lorry","tn 6565","logan","9078778787","irn1599"
"lorry","tn 5454","logu","90567567567","irn1602"
"lorry","tn 6565","lorry","989787879678","irn1605"
"lorry","tn 6565","logan","98790879087","irn1611"
"lorry","tn 6564","logu","9876875875","irn1613"
"lorry","tn 6565","logu","9090980","irn1619"
"lorry","7867","vjhfj","90090","irn1623"
"lorry","567567","gukg","657","irn1625"
"lorry","tn 8787","logu","90909809898","irn1646"
"lorry","56546","rhgfg","fgh","irn1648"
"yukiyuj","678","hjk","678","irn1650"
"fdghdfgh","456","dfthg","356","irn1652"
"lorry","67645","gyjgh","4674657","irn1654"
"rthyu","67","ythfj","467","irn1656"
"edrfg","45","dsfg","345","irn1660"
"lorry","TN 89889","murugan","90887777","irn1676"
"lorry","TN 89889","xavier","9088888","irn1678"
"lorry","TN 89889","xavier","9088888","irn1679"
"lorry","5687","567","5467","irn1688"
"ghj","ghj","ghj","ghj","irn1692"
"fdghfg","353","sdh","245","irn1700"
"lorry","98989","logan","9088889","irn1708"
"fgrdh","356","sdh","245","irn1712"
"lorry","345","ertg","435","irn1717"
"lorry","Tn 7888","dfg","5645","irn1721"
"ryrte","54645","ry","rfgh","irn1723"
"dgfh","56","dfg","dszh","irn1726"
"dfg","4356","fgvs","456356","irn1730"
"wert","weqr","wer","weqr","irn1733"
"ert","ert","ert","ert","irn1737"
"w3ert","wert","weqrt","wert","irn1740"
"lorry","tn 7878","mukundan","908873478374","irn1758"
"lorry","tn 8989","murugan","9099898","irn1760"
"lorry","7586578","logan","9076867867867","irn1772"
"lorry","TN 8989","logan","909090909","irn1774"
"lorry","TN 8989","logan","909090909","irn1775"
"lorry","TN 7878","murugan","909090909","irn1777"
"gyhj","ghj","ghj","gfhj","irn1787"
"dfgdfg","345","dsfag","3456","irn1789"
"","","","","irn1823"
"","","","","irn1824"
"","","","","irn1826"
"","","","","irn1828"
"","","","","irn1831"
"","","","","irn1833"
"dswefdswf","sdaf","sdaf","2","irn1833"
"","","","","irn1837"
"","","","","irn1840"
"","","","","irn1840"
"","","","","irn1841"
"","","","","irn1841"
"dsghtsdeftgh7876","hvkmjgk","hjkhjk","7876867867","irn1841"
"dsghtsdeftgh7876","hvkmjgk","hjkhjk","7876867867","irn1842"
"dsghtsdeftgh7876","hvkmjgk","hjkhjk","7876867867","irn1842"
"dsghtsdeftgh7876","hvkmjgk","hjkhjk","7876867867","irn1843"
"","","","","irn1845"
"","","","","irn1846"
"","","","","irn1847"
"ewrft","435","dfg","67","irn1847"
"lorry","tn 6777","logan","90909999","irn1850"
"lorry","tn 56454","logu","657647","irn1854"
"tyu","657","gfj","56","irn1860"
"rthy","54","rty","rty","irn1864"
"i","uh","hgj","hg,","irn1867"
"lorry","tn 5454","mukund","9098888","irn1869"
"lorrry","tn 4567647","mukund","756767","irn1871"
"lorrry","tn 4567647","mukund","756767","irn1871"
"lorry","5467","ghj","58","irn1873"
"lorry","5467","ghj","58","irn1873"
"lorry","tn 6767","logu","907587867867","irn1887"
"lorry","tn 6767","logu","907587867867","irn1889"
"lorry","tn 6767","logu","907587867867","irn1889"
"yujk","4657","tguj","567","irn1890"
"yujk","4657","tguj","567","irn1892"
"lorry","tn 65464","logu","907897898","irn1894"
"lorry","tn 5674567","logan","9067865965","irn1910"
"lorry","tn 456456","fransisco","6574657467","irn1913"
"lorry","tn 456456","fransisco","6574657467","irn1916"
"lorry","tn 456456","fransisco","6574657467","irn1918"
"lorry","tn 5454","hfgh","568755","irn1920"
"lorry","tn 5656","mukund","8978987987","irn1973"
"lorry","tn 5656","mukund","8978987987","irn1975"
"lorry","tn 7878","murugan","99878787","irn2009"
"lorry","tn 7878","murugan","99878787","irn2012"
"lorry","tn 7677","logu","89898","irn2026"
"lorry","tn 5656","logu","9090909","irn2034"
"lorry","tn 5656","logu","9090909","irn2037"
"lorry","tn 4545","yjuk","78","irn2040"
"iop","90-","ikp;p","k;p","irn2043"
"hjkl","hjk","hjk","hjk","irn2045"
"lorry","tn 6565","hgdfg","768","irn2047"
"lorry","tn 5656","murugan","657","irn2049"
"lorry","tn 5656","murugan","657","irn2052"
"lorry","tn 56757","murugan","98989","irn2054"
"lorry","tn 56757","murugan","98989","irn2056"
"lorry","tn 56757","murugan","98989","irn2057"
"","","","","irn2062"
"","","","","irn2063"
"","","","","irn2063"
"lorry","tn 5555","logu","546456456","irn2077"
"lorry","tn 5555","logu","546456456","irn2077"
"lorry","tn 5555","logu","546456456","irn2077"
"lorry","tn 5454","logu","898989898","irn2090"
"lorry","fdhj","fdhj","dfj","irn2092"
"lorry","fdhj","fdhj","dfj","irn2094"
"edwsf","dsef","sdf","sdf","irn2096"
"ert","er","eryg","erty","irn2098"
"lorry","tn 89898","logu","9088988","irn2126"
"lorry","tn 89898","logu","9088988","irn2129"
